<?xml version="1.0" encoding="utf-8"?>
<booklist >
<book>
<title>English</title>
<author>john</author>
<pages>120</pages>

</book>
<book>
<title>English</title>
<author>john 2</author>
<pages>120</pages>

</book>


</booklist>
<!-- 
<booklist xmlns:b1="http://www.bookstore.com"
xmlns:b2="http://www.bookstore.com/b2">
<b1:book id="12">
<b1:title>English</b1:title>
<b1:author>john</b1:author>
<b1:pages>120</b1:pages>

</b1:book>
<b2:book id="2">
<b2:title>English</b2:title>
<b2:author>john 2</b2:author>
<b2:pages>120</b2:pages>

</b2:book>


</booklist> -->