<?xml version="1.0" encoding="utf-8"?>
<?xml-stylesheet type="text/xsl" href = "emp_xslt.xslt"?>
<E>
<Employee>  
  <EName>faiza</EName>
  <Empno>2345</Empno>  
  <Designation>Academic Coordinator</Designation>
  <sal>50000</sal>
</Employee>
<Employee>
  <EName>ali</EName>
  <Empno>7888</Empno>
  <Designation>Academic Coordinator</Designation>
  <sal>12000</sal>
</Employee>
<Employee>
  <EName>farah</EName>
  <Empno>9475</Empno>
  <Designation>Faculty Member</Designation>
  <sal>60000</sal>
</Employee>
<Employee>
  <EName>aqsa</EName>
  <Empno>9475</Empno>
  <Designation>Faculty Member</Designation>
  <sal>15000</sal>
</Employee>
<Employee>
  <EName>khizra</EName>
  <Empno>9475</Empno>
  <Designation>Faculty Member</Designation>
  <sal>15000</sal>
</Employee>

</E>